recall,prec,specificity,accuracy,AUC,run time(s),F1 score,no_trees,dataset
0.96,0.9284800000000001,0.96,0.96,0.94178,0.04367265701293945,0.96,2,iris
0.9800000000000001,0.9303000000000001,0.96,0.9666799999999999,0.9522600000000001,0.15021467208862305,0.97,5,iris
0.96,0.91748,0.95,0.95336,0.9338200000000001,0.31818113327026365,0.9550000000000001,10,iris
0.9800000000000001,0.9103,0.95,0.96,0.9427800000000002,0.6642102718353271,0.9649999999999999,20,iris
0.9800000000000001,0.9156599999999999,0.95,0.96,0.94438,0.04336657524108887,0.9650000000000001,2,iris
0.9399999999999998,0.92142,0.96,0.9533400000000001,0.9293800000000001,0.14979047775268556,0.95,5,iris
0.96,0.94848,0.9700000000000001,0.9666599999999999,0.95008,0.3203822135925293,0.9650000000000001,10,iris
0.9199999999999999,0.96,0.9800000000000001,0.96,0.93896,0.6650221347808838,0.95,20,iris
0.9199999999999999,0.90626,0.95,0.9400000000000001,0.9102,0.044883012771606445,0.9349999999999999,2,iris
0.9800000000000001,0.91332,0.95,0.95998,0.9436399999999999,0.14934015274047852,0.9650000000000001,5,iris
0.96,0.8982800000000001,0.9400000000000001,0.94666,0.9241400000000001,0.32179880142211914,0.95,10,iris
0.96,0.9318200000000001,0.96,0.9600199999999999,0.9436,0.661688756942749,0.96,20,iris
1.0,0.769,0.8400000000000001,0.8933200000000001,0.8662000000000001,0.044625473022460935,0.9200000000000002,2,iris
0.08,0.6,0.99,0.68666,0.13938,0.15203771591186524,0.5349999999999999,5,iris
0.9400000000000001,0.96182,0.9800000000000001,0.96668,0.9494400000000001,0.3237479209899902,0.96,10,iris
0.9400000000000001,0.95778,0.9800000000000001,0.9666600000000001,0.9484199999999999,0.6633584499359131,0.96,20,iris
0.8800000000000001,0.9777799999999999,0.99,0.9533200000000001,0.9239799999999999,0.045448017120361325,0.9349999999999999,2,iris
0.8800000000000001,1.0,1.0,0.9600200000000001,0.9331400000000001,0.14628682136535645,0.9399999999999998,5,iris
0.9800000000000001,0.9151399999999998,0.95,0.96,0.9436,0.31714701652526855,0.9650000000000001,10,iris
0.9400000000000001,0.92666,0.96,0.9533200000000001,0.9312999999999999,0.6636125087738037,0.95,20,iris
0.9800000000000001,0.9103,0.95,0.96,0.94278,0.04421291351318359,0.9650000000000001,2,iris
0.9,0.9800000000000001,0.99,0.96,0.93674,0.14875445365905762,0.945,5,iris
0.9400000000000001,0.92666,0.96,0.9533200000000001,0.9312999999999999,0.31972951889038087,0.95,10,iris
0.96,0.91182,0.95,0.9533400000000001,0.9341200000000001,0.6642313957214355,0.9550000000000001,20,iris
0.96,0.89748,0.9400000000000001,0.9466800000000001,0.9243399999999999,0.04451961517333984,0.9499999999999998,2,iris
0.9,0.94364,0.97,0.94666,0.9187000000000001,0.14998793601989746,0.9349999999999999,5,iris
0.6399999999999999,0.9314199999999999,0.97,0.8600199999999999,0.75118,0.3209599494934082,0.805,10,iris
0.9400000000000001,0.9414200000000001,0.9700000000000001,0.9600199999999999,0.93886,0.6673686504364014,0.9549999999999998,20,iris
0.8799999999999999,0.9777799999999999,0.99,0.9533200000000001,0.9239799999999999,0.04479532241821289,0.9349999999999999,2,iris
0.96,0.9303000000000001,0.96,0.9600199999999999,0.94174,0.14970183372497559,0.96,5,iris
0.9199999999999999,0.96182,0.9800000000000001,0.96,0.93774,0.31995739936828616,0.95,10,iris
0.9400000000000001,0.92444,0.96,0.9533200000000001,0.9302399999999998,0.6678786754608155,0.95,20,iris
0.68,0.6693800000000001,0.8,0.76,0.66598,0.0473902702331543,0.74,2,iris
0.42000000000000004,0.8314199999999999,0.96,0.7799799999999999,0.5526199999999999,0.1497325897216797,0.69,5,iris
0.96,0.9303000000000001,0.96,0.96,0.94274,0.3238828182220459,0.96,10,iris
0.9,0.91516,0.96,0.9399999999999998,0.90628,0.6697155952453613,0.93,20,iris
0.9199999999999999,0.8383800000000001,0.9099999999999999,0.91332,0.87492,0.044951772689819335,0.915,2,iris
0.8800000000000001,0.9800000000000001,0.99,0.9533400000000001,0.92622,0.1482266902923584,0.9349999999999999,5,iris
0.9400000000000001,0.9091000000000001,0.95,0.94668,0.9228200000000001,0.33585238456726074,0.945,10,iris
0.96,0.96182,0.9800000000000001,0.97334,0.9599599999999999,0.6660825252532959,0.97,20,iris
0.6799999999999999,0.87062,0.95,0.85998,0.7619,0.0451448917388916,0.8150000000000001,2,iris
0.96,0.89666,0.9400000000000001,0.94666,0.92546,0.14724817276000976,0.95,5,iris
0.9800000000000001,0.8424400000000001,0.9,0.92668,0.90288,0.32102694511413576,0.9400000000000001,10,iris
0.96,0.83314,0.9,0.9199999999999999,0.8897200000000002,0.6767859935760498,0.9299999999999999,20,iris
0.9800000000000001,0.9023200000000001,0.9400000000000001,0.9533400000000001,0.93568,0.0464970588684082,0.96,2,iris
0.9199999999999999,0.94666,0.9700000000000001,0.9533200000000001,0.92652,0.1523897171020508,0.945,5,iris
0.68,0.85754,0.95,0.86,0.75464,0.32366228103637695,0.8150000000000001,10,iris
0.9400000000000001,0.96182,0.9800000000000001,0.9666799999999999,0.9494400000000001,0.668151569366455,0.96,20,iris
0.96,0.89696,0.9400000000000001,0.94666,0.9245599999999999,0.04589242935180664,0.95,2,iris
0.9400000000000001,0.9596,0.9800000000000001,0.96668,0.94838,0.15036158561706542,0.96,5,iris
0.9400000000000001,0.9596,0.9800000000000001,0.9666799999999999,0.9483799999999999,0.32291903495788576,0.96,10,iris
0.9399999999999998,0.9414200000000001,0.97,0.9600200000000001,0.93886,0.6663049697875977,0.9550000000000001,20,iris
0.6599999999999999,0.8764199999999999,0.95,0.8533200000000001,0.747,0.04516658782958984,0.8049999999999999,2,iris
0.64,0.975,0.99,0.87332,0.7647200000000001,0.15035662651062012,0.8150000000000001,5,iris
0.9,0.9596,0.9800000000000001,0.9533400000000001,0.92616,0.32347807884216306,0.9400000000000001,10,iris
0.9199999999999999,0.92728,0.96,0.94668,0.91966,0.6648351192474365,0.9400000000000001,20,iris
0.96,0.9004999999999999,0.9400000000000001,0.94666,0.9252,0.0463101863861084,0.95,2,iris
0.9,0.9800000000000001,0.99,0.95998,0.93556,0.14906396865844726,0.945,5,iris
0.96,0.8921199999999999,0.9399999999999998,0.94666,0.9237399999999999,0.3230419635772705,0.95,10,iris
0.9400000000000001,0.9284800000000001,0.96,0.9533400000000001,0.93126,0.671712064743042,0.95,20,iris
0.9800000000000001,0.9103,0.95,0.96,0.9427800000000002,0.04596157073974609,0.9650000000000001,2,iris
0.5,0.9199999999999999,0.9800000000000001,0.8200000000000001,0.63342,0.1538328170776367,0.74,5,iris
0.9400000000000001,0.9818200000000001,0.99,0.97334,0.95774,0.3232407093048096,0.9650000000000001,10,iris
0.9400000000000001,0.9414200000000001,0.97,0.96,0.93986,0.6705950260162353,0.9550000000000001,20,iris
0.9800000000000001,0.9174800000000001,0.95,0.9600200000000001,0.9443400000000001,0.04513030052185059,0.9649999999999999,2,iris
0.9400000000000001,0.92546,0.96,0.9533400000000001,0.9314,0.15387039184570311,0.95,5,iris
0.9399999999999998,0.92142,0.96,0.9533400000000001,0.9293800000000001,0.3186063289642334,0.95,10,iris
0.96,0.91364,0.95,0.9533400000000001,0.9350799999999999,0.6683764934539795,0.9550000000000001,20,iris
0.22000000000000003,0.6599999999999999,0.97,0.7200200000000001,0.32276000000000005,0.04645042419433594,0.595,2,iris
0.96,0.92364,0.96,0.96,0.9409599999999999,0.1523770809173584,0.96,5,iris
0.9,0.9777799999999999,0.99,0.96,0.93568,0.323210620880127,0.945,10,iris
0.9399999999999998,0.96182,0.9800000000000001,0.9666799999999999,0.9494399999999998,0.6707240581512451,0.96,20,iris
0.96,0.9151400000000001,0.95,0.9533400000000001,0.93308,0.049037742614746097,0.9549999999999998,2,iris
0.8800000000000001,0.9800000000000001,0.99,0.9533200000000001,0.9250399999999999,0.15040802955627441,0.9349999999999999,5,iris
0.96,0.9151400000000001,0.95,0.9533400000000001,0.93308,0.32221293449401855,0.9550000000000001,10,iris
0.96,0.9103,0.95,0.9533400000000001,0.93226,0.66896653175354,0.9550000000000001,20,iris
0.96,0.92546,0.96,0.96,0.94192,0.048507165908813474,0.96,2,iris
0.7600000000000001,0.95278,0.9800000000000001,0.90668,0.84124,0.1508873462677002,0.8699999999999999,5,iris
0.96,0.90506,0.95,0.95336,0.93034,0.3211045742034912,0.9550000000000001,10,iris
0.96,0.9333199999999999,0.96,0.96,0.9426,0.6681507587432861,0.96,20,iris
0.8,0.51574,0.6199999999999999,0.6799999999999999,0.62556,0.04709024429321289,0.7100000000000001,2,iris
0.9199999999999999,0.9436399999999999,0.9700000000000001,0.9533400000000001,0.92566,0.15241789817810059,0.945,5,iris
0.96,0.92546,0.96,0.9600199999999999,0.94092,0.32669715881347655,0.96,10,iris
0.9399999999999998,0.9436399999999999,0.97,0.96,0.9409199999999999,0.7025420188903808,0.9549999999999998,20,iris
0.7599999999999999,0.8226600000000002,0.9099999999999999,0.8600000000000001,0.7816799999999999,0.04761967658996582,0.835,2,iris
0.8400000000000001,0.9800000000000001,0.99,0.9399799999999999,0.90282,0.150754976272583,0.915,5,iris
0.96,0.91212,0.95,0.9533400000000001,0.9310400000000001,0.3266038417816162,0.9549999999999998,10,iris
0.9,0.9818200000000001,0.99,0.96,0.93552,0.6696955680847168,0.9450000000000001,20,iris
0.8800000000000001,0.9777799999999999,0.99,0.9533400000000001,0.9225999999999999,0.04688749313354492,0.9349999999999999,2,iris
0.8800000000000001,1.0,1.0,0.9600200000000001,0.9331400000000001,0.15312161445617675,0.9400000000000001,5,iris
0.96,0.90546,0.95,0.9533400000000001,0.93144,0.32330737113952634,0.9549999999999998,10,iris
0.8800000000000001,0.96,0.9800000000000001,0.94666,0.9167400000000001,0.6678224086761475,0.9299999999999999,20,iris
0.76,0.81728,0.9099999999999999,0.8600000000000001,0.7844599999999999,0.04760141372680664,0.8350000000000002,2,iris
0.9800000000000001,0.8954599999999999,0.9399999999999998,0.95336,0.9350799999999999,0.1521753787994385,0.9600000000000002,5,iris
0.9,0.9800000000000001,0.99,0.96,0.93674,0.32451906204223635,0.945,10,iris
0.96,0.94364,0.97,0.9666799999999999,0.9504400000000001,0.6710763454437256,0.9650000000000001,20,iris
0.96,0.8951399999999999,0.9399999999999998,0.94666,0.9236000000000001,0.046087646484375,0.95,2,iris
0.8800000000000001,0.9818200000000001,0.99,0.9533400000000001,0.9224399999999999,0.14976129531860352,0.9349999999999999,5,iris
0.9199999999999999,0.9418200000000001,0.97,0.9533400000000001,0.9282600000000001,0.328568172454834,0.9450000000000001,10,iris
0.96,0.9303000000000001,0.96,0.96,0.94056,0.6675072193145752,0.96,20,iris
0.96,0.90952,0.9400000000000001,0.9466800000000001,0.92744,0.046403694152832034,0.95,2,iris
0.96,0.89998,0.9400000000000001,0.94664,0.9232400000000001,0.1493156909942627,0.95,5,iris
0.96,0.96182,0.9800000000000001,0.97334,0.95996,0.32233080863952634,0.97,10,iris
0.96,0.92728,0.96,0.9600200000000001,0.9418799999999999,0.674924087524414,0.96,20,iris
0.96,0.9303000000000001,0.96,0.96,0.9427399999999999,0.048000335693359375,0.96,2,iris
0.96,0.9418199999999999,0.97,0.9666600000000001,0.95048,0.1516789436340332,0.9649999999999999,5,iris
0.96,0.9138400000000001,0.95,0.9533200000000001,0.9339000000000001,0.3241859436035156,0.9550000000000001,10,iris
0.9400000000000001,0.94666,0.97,0.95998,0.9396000000000001,0.669688367843628,0.9550000000000001,20,iris
0.9199999999999999,0.9414200000000001,0.97,0.9533400000000001,0.92934,0.046766471862792966,0.945,2,iris
0.9400000000000001,0.9400000000000001,0.97,0.95998,0.9400000000000001,0.15322523117065429,0.9549999999999998,5,iris
0.9200000000000002,0.92182,0.96,0.94666,0.91996,0.324052095413208,0.9400000000000001,10,iris
0.96,0.92364,0.96,0.96,0.9409600000000001,0.669837236404419,0.96,20,iris
0.96,0.8623200000000001,0.9199999999999999,0.9333199999999999,0.9061999999999999,0.04692959785461426,0.9400000000000001,2,iris
0.6599999999999999,0.7611600000000001,0.9,0.82,0.69302,0.15073423385620116,0.7799999999999999,5,iris
0.9400000000000001,0.9666599999999999,0.9800000000000001,0.9666599999999999,0.94908,0.3242471218109131,0.9600000000000002,10,iris
0.96,0.94848,0.97,0.96668,0.9512600000000001,0.6699204921722413,0.9650000000000001,20,iris
0.96,0.92364,0.96,0.96,0.9409600000000001,0.04904789924621582,0.96,2,iris
0.7200000000000001,0.97142,0.99,0.9,0.8231399999999999,0.15403156280517577,0.8549999999999999,5,iris
0.96,0.9156600000000001,0.95,0.9533400000000001,0.9338599999999999,0.3243569374084473,0.9549999999999998,10,iris
0.96,0.94666,0.97,0.9666599999999999,0.9513,0.6660282611846924,0.9650000000000001,20,iris
0.57424,0.7203600000000001,0.8825800000000001,0.78074,0.63166,0.04780282974243164,0.7284255599472991,2,wine
0.7454400000000001,0.8684799999999999,0.9416599999999999,0.8768,0.79992,0.15555291175842284,0.843560606060606,5,wine
0.8651399999999999,1.0,1.0,0.9551999999999999,0.9272400000000001,0.33184309005737306,0.9325757575757578,10,wine
0.9833400000000001,0.9833400000000001,0.9916599999999999,0.98888,0.9833400000000001,0.6761704444885254,0.9875,20,wine
0.9833400000000001,0.7326400000000001,0.81592,0.87158,0.83836,0.047890758514404295,0.8996376811594201,2,wine
0.91364,0.8002800000000001,0.8822599999999999,0.8928,0.852,0.15775642395019532,0.8979413702239789,5,wine
0.9833400000000001,0.9692399999999999,0.98332,0.98332,0.9753000000000001,0.3285320281982422,0.9833333333333334,10,wine
1.0,0.95604,0.975,0.98332,0.9766199999999999,0.6801780223846435,0.9875,20,wine
0.74698,0.66592,0.8069000000000001,0.7869200000000001,0.69724,0.04966926574707031,0.7769268774703557,2,wine
0.8469599999999999,0.91896,0.9579599999999999,0.9212400000000001,0.8782,0.15642547607421875,0.9024703557312254,5,wine
0.9333400000000001,0.96668,0.98332,0.9666399999999999,0.9484999999999999,0.334415340423584,0.9583333333333334,10,wine
0.9818200000000001,0.8945000000000001,0.94058,0.9542399999999999,0.93528,0.6789039611816406,0.9611989459815546,20,wine
0.8651399999999999,0.79134,0.8825799999999999,0.8768,0.82308,0.04891610145568848,0.8738801054018446,2,wine
0.62878,0.9349999999999999,0.98332,0.86568,0.7443599999999999,0.15542221069335938,0.806060606060606,5,wine
0.91668,0.95258,0.9742599999999999,0.9549,0.9293999999999999,0.32994704246520995,0.9454710144927535,10,wine
0.9833400000000001,0.9538599999999999,0.9742599999999999,0.97712,0.9666399999999999,0.6784897327423096,0.9788043478260869,20,wine
0.67576,0.81334,0.92354,0.8414999999999999,0.7376600000000001,0.04924449920654297,0.7996541501976284,2,wine
0.7439600000000001,0.95778,0.98332,0.9042600000000001,0.8343,0.1536581039428711,0.8636363636363636,5,wine
1.0,0.9138599999999999,0.94926,0.96602,0.95312,0.32933945655822755,0.9746376811594203,10,wine
0.95,0.9666599999999999,0.9833400000000001,0.9722200000000001,0.9579599999999999,0.674959135055542,0.9666666666666666,20,wine
0.86668,0.65934,0.76592,0.79938,0.7457199999999999,0.04968576431274414,0.816304347826087,2,wine
0.7303,0.9800000000000001,0.9916599999999999,0.9049200000000001,0.83384,0.15457367897033691,0.8609848484848485,5,wine
0.83184,0.9777799999999999,0.9916599999999999,0.9385600000000001,0.89688,0.33078656196594236,0.9117424242424242,10,wine
0.95002,0.9679599999999999,0.98296,0.97188,0.9571999999999999,0.6816359519958496,0.9664855072463769,20,wine
0.9833400000000001,0.89542,0.9413199999999999,0.95522,0.9365400000000002,0.04925355911254883,0.9623188405797102,2,wine
0.8833200000000001,0.9328799999999999,0.96592,0.9382400000000001,0.9043000000000001,0.1539236068725586,0.9246376811594204,5,wine
1.0,0.9231,0.9575799999999999,0.97156,0.9593399999999999,0.32964434623718264,0.9788043478260869,10,wine
0.7985,1.0,1.0,0.93302,0.88462,0.6789899826049804,0.8992424242424242,20,wine
0.6788000000000001,0.6231,0.79818,0.7585,0.64096,0.04968805313110351,0.7384881422924902,2,wine
0.79698,1.0,1.0,0.9326800000000001,0.8845400000000001,0.15656909942626954,0.8984848484848484,5,wine
0.9469799999999999,0.9479600000000001,0.97462,0.9656800000000001,0.94676,0.3341654300689697,0.9608036890645588,10,wine
1.0,0.87476,0.9246399999999999,0.9496800000000001,0.93148,0.6917134284973144,0.9623188405797102,20,wine
0.9833400000000001,0.94284,0.96668,0.9722,0.96054,0.05035247802734375,0.975,2,wine
0.79848,0.9666599999999999,0.9833400000000001,0.9218999999999999,0.8703799999999999,0.1562042713165283,0.890909090909091,5,wine
0.74392,0.93864,0.9749800000000001,0.8987,0.8252200000000001,0.33353657722473146,0.8594696969696971,10,wine
1.0,0.95386,0.9749800000000001,0.98332,0.976,0.6791143417358398,0.9875,20,wine
0.9833400000000001,0.66776,0.75616,0.8313599999999999,0.7946399999999999,0.05259017944335938,0.8697463768115942,2,wine
0.71516,0.95778,0.98332,0.89412,0.81386,0.15484075546264647,0.8492424242424242,5,wine
0.9833400000000001,0.9692399999999999,0.98332,0.98332,0.9753000000000001,0.33145837783813475,0.9833333333333334,10,wine
0.96668,0.9846199999999999,0.9916599999999999,0.98332,0.9746,0.6800952434539795,0.9791666666666666,20,wine
0.37272,0.8512000000000001,0.9666599999999999,0.7699199999999999,0.50526,0.050503110885620116,0.6696969696969697,2,wine
0.7651600000000001,0.9162399999999999,0.95724,0.89314,0.8184000000000001,0.15505576133728027,0.8611989459815546,5,wine
0.74394,0.9800000000000001,0.9916599999999999,0.9098200000000001,0.84386,0.33147468566894533,0.8678030303030303,10,wine
0.9833400000000001,0.9393799999999999,0.9663,0.97188,0.95922,0.688645887374878,0.9748188405797101,20,wine
0.8621399999999999,0.60638,0.72248,0.7689600000000001,0.71022,0.050065803527832034,0.792292490118577,2,wine
0.6273000000000001,0.9550000000000001,0.98296,0.8650400000000001,0.7486400000000001,0.1577003002166748,0.8051218708827405,5,wine
0.86516,0.9664400000000001,0.98296,0.9438000000000001,0.9079599999999999,0.33445014953613283,0.9240612648221344,10,wine
0.91364,0.9818200000000001,0.9916599999999999,0.96602,0.9452200000000002,0.6881416320800782,0.9526515151515152,20,wine
0.9833400000000001,0.75416,0.8398399999999999,0.88726,0.8529,0.049469709396362305,0.9115942028985508,2,wine
0.56062,1.0,1.0,0.85426,0.7113,0.15887002944946288,0.7803030303030303,5,wine
0.8318200000000001,0.9800000000000001,0.9916599999999999,0.9385600000000001,0.8959400000000001,0.3306234359741211,0.9117424242424242,10,wine
0.8303200000000001,0.96334,0.98332,0.9326800000000001,0.8897,0.6842020988464356,0.9068181818181819,20,wine
0.88182,0.87486,0.9326000000000001,0.9157,0.87486,0.0498845100402832,0.9072134387351779,2,wine
0.7606200000000001,0.9833400000000001,0.9916599999999999,0.91536,0.85214,0.1560534954071045,0.8761363636363637,5,wine
0.9833400000000001,0.9547599999999999,0.97464,0.97744,0.96722,0.3323996067047119,0.9789855072463768,10,wine
0.96516,0.9227000000000001,0.9576,0.9601200000000001,0.9418200000000001,0.6825843334197998,0.9613801054018445,20,wine
0.86364,0.6110599999999999,0.72138,0.7683,0.71392,0.0505620002746582,0.7925065876152833,2,wine
0.9333400000000001,0.8619,0.9246399999999999,0.92744,0.8951399999999999,0.15570836067199706,0.9289855072463767,5,wine
0.8287799999999999,0.9818200000000001,0.9916599999999999,0.9379,0.8972800000000001,0.33181157112121584,0.9102272727272729,10,wine
1.0,0.95604,0.975,0.98332,0.9766199999999999,0.6801648616790772,0.9875,20,wine
0.8106399999999999,0.7679799999999999,0.8663000000000001,0.8483599999999999,0.77964,0.050938987731933595,0.8384552042160737,2,wine
0.49088000000000004,1.0,1.0,0.8313599999999999,0.6530600000000001,0.15577349662780762,0.7454545454545455,5,wine
0.9833400000000001,0.9679599999999999,0.98296,0.983,0.9746,0.3312962532043457,0.9831521739130435,10,wine
0.8621399999999999,1.0,1.0,0.95458,0.9197200000000001,0.6782077789306641,0.931060606060606,20,wine
0.6409199999999999,0.74956,0.87462,0.7977000000000001,0.678,0.05046024322509766,0.7577733860342556,2,wine
0.6606,1.0,1.0,0.8876,0.79312,0.15659384727478026,0.8303030303030304,5,wine
0.9318200000000001,0.8939199999999999,0.9402200000000001,0.93726,0.90992,0.33446378707885743,0.9360177865612649,10,wine
0.8954599999999999,0.9692399999999999,0.9833400000000001,0.95458,0.92624,0.6770759582519531,0.9393939393939392,20,wine
0.9666599999999999,0.8546199999999999,0.9163,0.93302,0.9055199999999999,0.05172262191772461,0.9414855072463769,2,wine
0.7969600000000001,1.0,1.0,0.9326599999999999,0.8823000000000001,0.15677518844604493,0.8984848484848484,5,wine
0.9833400000000001,0.924,0.9576,0.966,0.9513,0.33803796768188477,0.9704710144927535,10,wine
0.96516,0.97142,0.9833400000000001,0.97744,0.9663999999999999,0.683079195022583,0.9742424242424242,20,wine
0.81212,0.8091000000000002,0.89962,0.8709199999999999,0.80784,0.053055429458618165,0.8558794466403163,2,wine
0.7802800000000001,1.0,1.0,0.9270999999999999,0.8728200000000002,0.15610260963439943,0.8901515151515152,5,wine
0.9333400000000001,0.93334,0.9663,0.95522,0.9326000000000001,0.3576682090759277,0.9498188405797101,10,wine
0.96516,0.95604,0.975,0.97188,0.9583999999999999,0.6840733528137207,0.9700757575757575,20,wine
0.8636600000000001,0.6107,0.7231799999999999,0.7699400000000001,0.71434,0.05081310272216797,0.7934123847167326,2,wine
0.9484999999999999,0.94066,0.96668,0.96078,0.9423999999999999,0.16065435409545897,0.9575757575757574,5,wine
0.72424,0.9833400000000001,0.9916599999999999,0.9036,0.8225999999999999,0.33453736305236814,0.8579545454545455,10,wine
1.0,0.95604,0.975,0.98332,0.9766199999999999,0.6811786651611328,0.9875,20,wine
0.7303,0.7419600000000001,0.87392,0.82614,0.7333000000000001,0.05090665817260742,0.8021080368906457,2,wine
0.79848,1.0,1.0,0.933,0.88554,0.15714006423950194,0.8992424242424242,5,wine
0.9136600000000001,0.88734,0.9413,0.93234,0.89872,0.3341017246246338,0.9274703557312254,10,wine
1.0,0.9393799999999999,0.9663,0.97744,0.96792,0.6835755348205567,0.9831521739130435,20,wine
0.9833400000000001,0.5708200000000001,0.62248,0.7421599999999999,0.72092,0.051761722564697264,0.8028985507246377,2,wine
0.84698,0.9800000000000001,0.9916599999999999,0.94378,0.9080600000000001,0.15808043479919434,0.9193181818181818,5,wine
1.0,0.95604,0.975,0.98332,0.9766199999999999,0.33495407104492186,0.9875,10,wine
0.9333400000000001,0.9692399999999999,0.9833400000000001,0.96668,0.9474199999999999,0.6808070182800293,0.9583333333333333,20,wine
0.8833400000000001,0.8054399999999999,0.8916599999999999,0.8888999999999999,0.8409600000000002,0.051874303817749025,0.8875,2,wine
0.76212,1.0,1.0,0.9212400000000001,0.86348,0.1582707405090332,0.8810606060606061,5,wine
0.9318200000000001,1.0,1.0,0.97744,0.9636000000000001,0.33496832847595215,0.965909090909091,10,wine
0.93032,0.95142,0.97464,0.9601200000000001,0.93864,0.6797411918640137,0.9524703557312254,20,wine
0.55304,0.7922,0.9315200000000001,0.80654,0.6472800000000001,0.05176529884338379,0.7422760210803687,2,wine
0.8666599999999999,0.9818200000000001,0.9916599999999999,0.95,0.9184599999999999,0.15729618072509766,0.9291666666666666,5,wine
0.91668,0.9679599999999999,0.98296,0.96078,0.93732,0.3314033508300781,0.9498188405797101,10,wine
0.95002,0.9833400000000001,0.9916599999999999,0.97776,0.9659400000000001,0.6871633052825927,0.9708333333333332,20,wine
0.77728,0.5135,0.63044,0.6794,0.61374,0.05265541076660156,0.7038537549407115,2,wine
0.69696,0.9550000000000001,0.98332,0.88824,0.80242,0.15916776657104492,0.8401515151515152,5,wine
0.9833400000000001,0.9692399999999999,0.98332,0.98332,0.9753000000000001,0.3372045993804932,0.9833333333333334,10,wine
0.86364,0.91212,0.9576,0.92648,0.8868200000000002,0.6833239555358886,0.9106225296442687,20,wine
0.91516,0.64744,0.73876,0.79706,0.75334,0.05209684371948242,0.8269598155467721,2,wine
0.7636200000000001,1.0,1.0,0.92156,0.86242,0.15813755989074707,0.8818181818181818,5,wine
1.0,0.9692399999999999,0.98332,0.98888,0.984,0.33374581336975095,0.9916666666666668,10,wine
0.95,1.0,1.0,0.98332,0.9731200000000001,0.6872004985809326,0.975,20,wine
0.8106,0.6648200000000001,0.7906000000000001,0.7977000000000001,0.72582,0.06720457077026368,0.8005928853754941,2,wine
0.7954600000000001,1.0,1.0,0.9323600000000001,0.8843799999999999,0.16416621208190918,0.8977272727272727,5,wine
0.8090999999999999,0.9818200000000001,0.9916599999999999,0.9317,0.87782,0.33346781730651853,0.9003787878787879,10,wine
0.96668,1.0,1.0,0.98888,0.9826,0.683920955657959,0.9833333333333332,20,wine
0.8484999999999999,0.7921400000000001,0.88188,0.87056,0.81648,0.052018260955810545,0.8651844532279315,2,wine
0.96516,0.9393800000000001,0.9666599999999999,0.96632,0.9504400000000001,0.15659136772155763,0.965909090909091,5,wine
0.9833400000000001,0.874,0.92426,0.94378,0.92272,0.33580718040466306,0.9538043478260869,10,wine
0.93184,0.9664400000000001,0.98296,0.966,0.94772,0.6808667182922363,0.9573945981554676,20,wine
0.86366,0.7447,0.8405799999999999,0.8483599999999999,0.78918,0.053294134140014646,0.8521080368906457,2,wine
0.5909,0.94666,0.98296,0.85326,0.7219800000000001,0.15717763900756837,0.7869400527009224,5,wine
0.9818200000000001,0.9664400000000001,0.98296,0.98268,0.9738199999999999,0.3339096546173096,0.9823945981554678,10,wine
0.96668,0.96668,0.98332,0.97776,0.96668,0.6825709342956543,0.975,20,wine
0.7091000000000001,0.70874,0.8569000000000001,0.8081799999999999,0.70702,0.054262828826904294,0.7829874835309617,2,wine
0.8318200000000001,0.9818200000000001,0.9916599999999999,0.9385600000000001,0.8975200000000001,0.15906920433044433,0.9117424242424242,5,wine
0.9666599999999999,0.95,0.97464,0.9719,0.9579599999999999,0.33394708633422854,0.9706521739130436,10,wine
0.88032,0.9833400000000001,0.9916599999999999,0.9549,0.92606,0.6801601409912109,0.9359848484848484,20,wine
0.74596,0.77074,0.8655200000000001,0.82094,0.75496,0.0562443733215332,0.8057449997140465,2,cancer
0.23070000000000004,1.0,1.0,0.7134000000000001,0.37314,0.17127885818481445,0.6153377630121817,5,cancer
0.7313400000000001,0.9587199999999999,0.9803000000000001,0.88756,0.8283400000000001,0.3585929870605469,0.855830395811562,10,cancer
0.8299,0.9728600000000001,0.98598,0.9278600000000001,0.8947800000000001,0.7300735473632812,0.9079470362225031,20,cancer
0.84894,0.80182,0.87392,0.86462,0.82372,0.05683779716491699,0.8614262448073454,2,cancer
0.5751799999999999,1.0,1.0,0.84178,0.72858,0.17238807678222656,0.7875968992248061,5,cancer
0.8958999999999999,0.9473800000000001,0.9692399999999999,0.94198,0.9200600000000001,0.35715513229370116,0.9325756866782087,10,cancer
0.8021999999999998,0.96126,0.9804999999999999,0.9141,0.8742599999999999,0.7291361331939697,0.8913656356745122,20,cancer
0.53246,0.5444599999999999,0.7365400000000001,0.6605399999999999,0.53754,0.0563927173614502,0.634494434306095,2,cancer
0.57064,1.0,1.0,0.84008,0.7247,0.174745512008667,0.7853266888150608,5,cancer
0.8402,0.99,0.99436,0.93688,0.9070199999999999,0.3563677310943604,0.9172827663656357,10,cancer
0.9106400000000001,0.9421200000000001,0.9664200000000001,0.9456200000000001,0.9259000000000001,0.7412350177764893,0.9385315770592548,20,cancer
0.8916000000000001,0.86168,0.91332,0.90526,0.8758800000000001,0.058361148834228514,0.9024623841238647,2,cancer
0.67,0.9656800000000001,0.9860599999999999,0.8683399999999999,0.7886599999999999,0.17067627906799315,0.8280304566416588,5,cancer
0.92438,0.9078200000000001,0.94398,0.93668,0.9157399999999999,0.35865535736083987,0.9341690972709644,10,cancer
0.84454,0.95238,0.97478,0.92624,0.8946400000000001,0.723864221572876,0.9096613271359424,20,cancer
0.71206,0.9581199999999999,0.9803799999999999,0.8804599999999999,0.8153,0.05616006851196289,0.8462349679472181,2,cancer
0.8064199999999999,0.9551000000000001,0.9775600000000001,0.91382,0.8741,0.17078609466552735,0.8920025969772121,5,cancer
0.81638,0.984,0.99154,0.9262600000000001,0.8899800000000001,0.3531932830810547,0.9039695537566486,10,cancer
0.8729800000000001,0.9644999999999999,0.9803000000000001,0.9403,0.91486,0.7247101783752441,0.9266498863984942,20,cancer
0.7786399999999999,0.9208000000000001,0.9608800000000001,0.8929600000000001,0.8431999999999998,0.057951498031616214,0.8697515844420527,2,cancer
0.75892,0.98282,0.99162,0.9049799999999999,0.8549,0.17027020454406738,0.8752711358590822,5,cancer
0.8675599999999999,0.8919599999999999,0.9356599999999998,0.9103200000000001,0.8783000000000001,0.3595903396606445,0.9015971149896795,10,cancer
0.8393,0.9792200000000001,0.9888,0.9331400000000001,0.9030799999999999,0.7290464401245117,0.9140620207030296,20,cancer
0.39590000000000003,0.94092,0.98598,0.76618,0.55554,0.06038994789123535,0.6909481436422151,2,cancer
0.59446,0.9272400000000001,0.9719599999999999,0.83134,0.72428,0.17144465446472168,0.7832251909389152,5,cancer
0.7691,0.9705999999999999,0.98594,0.9051599999999999,0.85734,0.35913877487182616,0.877528803310821,10,cancer
0.8539199999999999,0.9846,0.99154,0.94026,0.91374,0.7290791988372802,0.9227403178762497,20,cancer
0.9432,0.8027,0.8601599999999999,0.89118,0.86636,0.05698761940002441,0.9016807563728626,2,cancer
0.29722,0.90258,0.98042,0.7259,0.44206,0.16875338554382324,0.6388348176916798,5,cancer
0.8682399999999999,0.9694200000000001,0.98316,0.94032,0.9153400000000002,0.35777835845947265,0.9256969465371039,10,cancer
0.8872599999999998,0.94048,0.9663,0.93682,0.9117599999999999,0.7289817333221436,0.9267896136508977,20,cancer
0.9386599999999999,0.8051400000000001,0.86276,0.89108,0.86624,0.056546592712402345,0.9007016257753238,2,cancer
0.8350000000000002,0.98902,0.99444,0.9350400000000001,0.9048999999999999,0.1727123260498047,0.914719453672942,5,cancer
0.84894,0.974,0.98598,0.9349399999999999,0.9064400000000001,0.3576239585876465,0.9174708457463124,10,cancer
0.8869199999999999,1.0,1.0,0.9578599999999999,0.9391,0.7303794860839844,0.9434662236987819,20,cancer
0.7967799999999999,0.97744,0.9888,0.9173,0.8774000000000001,0.05765061378479004,0.8927995622312688,2,cancer
0.62282,0.9502,0.98034,0.8471399999999999,0.75208,0.17155580520629882,0.8015863917354256,5,cancer
0.86402,0.9498200000000001,0.9719,0.93164,0.9022,0.360408878326416,0.9179590462672678,10,cancer
0.90586,0.9091400000000001,0.9467800000000001,0.93154,0.9073800000000001,0.7493623733520508,0.9263305933793978,20,cancer
0.54252,0.8278599999999999,0.9299399999999999,0.7855800000000001,0.65262,0.05775613784790039,0.7362272472041551,2,cancer
0.8493999999999999,0.93062,0.9608399999999999,0.9193000000000001,0.8869,0.16986799240112305,0.9051140824273809,5,cancer
0.85382,0.9387800000000001,0.9664400000000001,0.92448,0.8937200000000001,0.35690736770629883,0.9101262614446368,10,cancer
0.81152,0.9564199999999999,0.97752,0.91568,0.87658,0.7284919261932373,0.8945301004996388,20,cancer
0.6506000000000001,0.5521199999999999,0.68624,0.67298,0.5972799999999999,0.056783866882324216,0.6684187814223843,2,cancer
0.599,0.97826,0.99162,0.8453799999999999,0.7417800000000001,0.17241988182067872,0.795315432647565,5,cancer
0.7876,0.9831799999999999,0.99154,0.91558,0.8732,0.3610859394073486,0.8895730974997271,10,cancer
0.8967,0.96494,0.98034,0.9491399999999999,0.9288000000000001,0.7285305023193359,0.9385188391329893,20,cancer
0.8066599999999999,0.9292200000000002,0.96358,0.9051400000000001,0.8629199999999999,0.05887594223022461,0.8851297708733018,2,cancer
0.7928999999999999,0.98286,0.99154,0.91752,0.8766399999999999,0.16886868476867675,0.8922309048086972,5,cancer
0.8965799999999999,0.9548399999999999,0.97478,0.9456199999999999,0.9244199999999999,0.3525270462036133,0.9356856903696078,10,cancer
0.84396,0.9518599999999999,0.9747199999999999,0.9260399999999999,0.8943999999999999,0.7279531478881835,0.9093453485772516,20,cancer
0.5001,0.92936,0.97752,0.79966,0.6474400000000001,0.057909584045410155,0.7388268889824737,2,cancer
0.7738400000000001,0.95006,0.97488,0.89998,0.8525,0.17245688438415527,0.8743737619515543,5,cancer
0.9012399999999999,0.8968400000000001,0.93556,0.9227399999999999,0.89756,0.3592835426330566,0.918390770982484,10,cancer
0.8393200000000001,0.97988,0.98884,0.9331799999999999,0.90262,0.7314439296722413,0.914081582518366,20,cancer
0.66934,0.8866400000000001,0.94954,0.8452200000000001,0.76224,0.05837244987487793,0.8094470570191172,2,cancer
0.76888,0.97652,0.9887599999999999,0.90686,0.8586199999999999,0.17213702201843262,0.8788265120438392,5,cancer
0.6032,0.95756,0.9832000000000001,0.8417,0.7382000000000001,0.35806980133056643,0.79321373980316,10,cancer
0.8353399999999999,0.9369,0.96634,0.91752,0.88236,0.7290281772613525,0.9008401832181722,20,cancer
0.764,0.9449200000000001,0.97198,0.89452,0.84414,0.05813579559326172,0.8679981698979408,2,cancer
0.77774,0.94298,0.9719200000000001,0.8996600000000001,0.84996,0.17172646522521973,0.8748446102974435,5,cancer
0.95306,0.9339600000000001,0.95794,0.9561,0.9422,0.35851225852966306,0.9554937506173994,10,cancer
0.8868199999999999,0.96936,0.9832000000000001,0.9473,0.92608,0.7328324794769288,0.9350188339338356,20,cancer
0.7449600000000001,0.89398,0.94682,0.8716800000000001,0.812,0.057185125350952146,0.8458961131127852,2,cancer
0.52878,0.9644400000000001,0.9860199999999999,0.8156399999999999,0.67662,0.17243995666503906,0.7574128881818041,5,cancer
0.7786199999999999,0.9933399999999999,0.9972200000000001,0.91578,0.8722,0.3631291389465332,0.8879245108896271,10,cancer
0.87754,0.9486399999999999,0.9719599999999999,0.9367599999999999,0.9113199999999999,0.7315108299255371,0.924753430141573,20,cancer
0.7825,0.50016,0.52962,0.62392,0.60816,0.05873441696166992,0.6560596784843427,2,cancer
0.61398,0.8596,0.93826,0.8173600000000001,0.71278,0.17209057807922362,0.7761081995851076,5,cancer
0.8962600000000001,0.9375199999999999,0.96358,0.9385,0.9158199999999999,0.35781097412109375,0.9299053364112322,10,cancer
0.9485199999999999,0.9231200000000002,0.9523399999999999,0.9508800000000001,0.9350799999999999,0.7299655914306641,0.95042620061454,20,cancer
0.8253600000000001,0.96234,0.98034,0.92262,0.88784,0.057116460800170896,0.902859924404307,2,cancer
0.6458600000000001,0.9801400000000001,0.9915800000000001,0.8628399999999999,0.7767999999999999,0.17241907119750977,0.8187177977425275,5,cancer
0.901,0.9230600000000001,0.9552400000000001,0.9350400000000001,0.91178,0.3577577590942383,0.9281196221255179,10,cancer
0.87662,0.9551400000000001,0.97478,0.9383000000000001,0.9113000000000001,0.7297991752624512,0.9257189129609701,20,cancer
0.8868400000000001,0.9013200000000001,0.9409799999999999,0.92078,0.89344,0.05870218276977539,0.9139116351857919,2,cancer
0.8962600000000002,0.97488,0.98598,0.9525600000000001,0.93374,0.17178425788879395,0.9411142565990257,5,cancer
0.8773,0.94808,0.9719599999999999,0.9367000000000001,0.9109400000000001,0.36083569526672366,0.9246426881703659,10,cancer
0.8110800000000001,1.0,1.0,0.92964,0.89344,0.7336936473846436,0.9055370985603546,20,cancer
0.5421,0.9931000000000001,0.99718,0.82768,0.6960200000000001,0.060134267807006835,0.7696325238251214,2,cancer
0.64108,0.87478,0.9467599999999999,0.83292,0.73716,0.1720442771911621,0.7939190049859882,5,cancer
0.88704,0.8961400000000002,0.9384799999999999,0.9193,0.89132,0.35988531112670896,0.9127508591601288,10,cancer
0.86348,0.95328,0.9747399999999999,0.93326,0.9058599999999999,0.7286008834838867,0.9191102038588117,20,cancer
0.6602399999999999,0.7386600000000001,0.85684,0.7835799999999999,0.69558,0.05926947593688965,0.7585451338522089,2,cancer
0.7922399999999999,0.92376,0.96074,0.8979799999999999,0.8516599999999999,0.17172002792358398,0.8765035302252795,5,cancer
0.8631,0.9139200000000001,0.95236,0.91914,0.8866200000000001,0.35993423461914065,0.9077547325295443,10,cancer
0.8540599999999999,0.97394,0.98598,0.93682,0.9088200000000001,0.7290568828582764,0.9200179110840757,20,cancer
0.7025400000000002,0.96488,0.98594,0.8804000000000001,0.80888,0.05909433364868164,0.8442508409630912,2,cancer
0.6937,0.99354,0.9972200000000001,0.88414,0.8156199999999998,0.17140331268310546,0.8454549649317091,5,cancer
0.91052,0.9327200000000001,0.9606999999999999,0.942,0.9206,0.357013463973999,0.9356201810345276,10,cancer
0.85802,0.9299799999999999,0.96082,0.9225800000000002,0.89124,0.7297465801239014,0.9094330193044572,20,cancer
0.23576000000000003,0.71364,0.93568,0.67494,0.3459,0.060915470123291016,0.585725203936799,2,cancer
0.71186,0.92646,0.9663599999999999,0.8716200000000001,0.8042999999999999,0.16992454528808593,0.8391210960855574,5,cancer
0.66468,0.99286,0.99718,0.87334,0.7948999999999999,0.3616801738739014,0.830928204888244,10,cancer
0.89588,0.9461600000000001,0.9692000000000001,0.9419400000000001,0.9195399999999999,0.7321978569030761,0.9325561248628723,20,cancer
0.7970200000000001,0.80412,0.8822199999999999,0.8504800000000001,0.7996000000000001,0.05872807502746582,0.83962391922595,2,cancer
0.7636800000000001,0.99488,0.9972200000000001,0.9102600000000001,0.8622400000000001,0.17257542610168458,0.8804494278331487,5,cancer
0.6460800000000001,0.95794,0.98316,0.85762,0.7708000000000002,0.35653157234191896,0.814622749416395,10,cancer
0.7781800000000001,0.99354,0.99718,0.91562,0.87174,0.7315900802612305,0.8876834651318767,20,cancer
0.87798,0.7155199999999999,0.7926,0.8243400000000001,0.78732,0.06019883155822754,0.8352839907663032,2,cancer
0.18428,0.93506,0.99154,0.69078,0.30433999999999994,0.17304105758666993,0.5879119679316208,5,cancer
0.85836,0.9579599999999999,0.9776,0.9331999999999999,0.9052599999999998,0.3618919372558594,0.9179911510406106,10,cancer
0.83034,0.96182,0.9803000000000001,0.9244200000000001,0.8901600000000001,0.7267088413238525,0.90533205694113,20,cancer
0.64528,0.59066,0.73384,0.70092,0.61528,0.05850319862365723,0.6895677033778901,2,cancer
0.7218199999999999,0.9931000000000001,0.99718,0.89458,0.8354800000000001,0.17426910400390624,0.8594996334596727,5,cancer
0.9101800000000001,0.85106,0.90482,0.9068400000000001,0.8788600000000001,0.35965776443481445,0.9075002339619109,10,cancer
0.8207000000000001,0.98934,0.9944,0.9297000000000001,0.8965599999999998,0.7591379165649415,0.9075570347147484,20,cancer
0.9339000000000001,0.8154399999999999,0.87388,0.8962199999999999,0.87036,0.06289496421813964,0.9038762289499269,2,cancer
0.8018799999999999,0.9824999999999999,0.9915800000000001,0.9208999999999999,0.8827999999999999,0.17571516036987306,0.8967355164579208,5,cancer
0.86822,0.97952,0.9887599999999999,0.94382,0.9196000000000002,0.36470851898193357,0.9284942861302181,10,cancer
0.8257,0.96146,0.98042,0.9227599999999999,0.8876800000000001,0.7335590839385986,0.9030651609917906,20,cancer
0.71194,0.8200800000000001,0.9073799999999999,0.8346,0.76088,0.060473060607910155,0.8096772495437742,2,cancer
0.8729800000000001,0.9033599999999999,0.9438799999999998,0.91744,0.8869800000000001,0.17360396385192872,0.9084378363202472,5,cancer
0.8493,0.96864,0.98316,0.93326,0.9033999999999999,0.3583095073699951,0.916228507998898,10,cancer
0.85824,0.95296,0.97478,0.9314199999999999,0.90292,0.7354312419891358,0.9165273293507816,20,cancer
0.8442999999999999,0.8797400000000002,0.9300199999999998,0.8981,0.8604799999999999,0.06069135665893555,0.8871523066044847,2,cancer
0.8207000000000001,0.9417,0.9692000000000001,0.91388,0.8766400000000001,0.17406244277954103,0.8949592256380662,5,cancer
0.8920600000000001,0.9333199999999999,0.95778,0.9331999999999999,0.90858,0.36286139488220215,0.9249060902885011,10,cancer
0.84874,0.9835,0.99162,0.93842,0.91008,0.7333855628967285,0.9201770051835562,20,cancer
